timestamp[ns],x,y,z,qw,qx,qy,qz
1681748608315577507,4.31947e-17,-4.02775e-17,5.07328e-18,0.653683,-0.75666,0.012819,-1.72495e-17
1681748608549081087,0.00325157,-0.0105763,0.00129507,0.656737,-0.754023,0.0119106,0.00169097
1681748608782584906,0.0133206,-0.0121132,-0.000781978,0.656365,-0.754367,0.0102085,0.0033553
1681748609016092539,0.0148753,-0.0136664,-0.000931714,0.657184,-0.753655,0.00993983,0.0038562
1681748609249603033,0.0135218,-0.0145019,-0.0010241,0.655932,-0.754743,0.00972794,0.00474377
1681748609483114004,0.0124649,-0.0151204,-0.00169156,0.656202,-0.75451,0.00948043,0.00485332
1681748609716625452,0.0102841,-0.0158873,-0.00125694,0.656599,-0.754153,0.0100388,0.0054345
1681748609950138569,0.0147067,-0.0165346,-0.000264236,0.656954,-0.753825,0.0116773,0.00472411
1681748610183657169,0.0169785,-0.0156752,-0.00270823,0.654078,-0.756328,0.0109186,0.00546605
1681748610417176962,0.0190054,-0.0162725,-0.00328242,0.654168,-0.756244,0.0113965,0.00544528
1681748610650697708,0.0190001,-0.0166935,-0.00226474,0.655271,-0.755289,0.0114338,0.00526125
1681748610884219885,0.0185987,-0.0148993,-0.00327446,0.65349,-0.756807,0.0127733,0.00561553
1681748611117723942,0.0183685,-0.0158188,-0.00445896,0.653189,-0.757063,0.0128975,0.00577615
1681748611351227760,0.0185471,-0.0164363,-0.00435995,0.6531,-0.757176,0.0115222,0.00354199
1681748611584731579,0.0181507,-0.0158709,-0.0031284,0.655024,-0.755531,0.0103126,0.003209
1681748611818235636,0.0166074,-0.0143501,-0.00385183,0.654347,-0.756124,0.00984844,0.00300363
1681748612051738262,0.0151365,-0.0139905,-0.00293871,0.654989,-0.755574,0.00947124,0.00276763
1681748612285240412,0.0152017,-0.0145079,-0.00294741,0.656445,-0.754321,0.00866072,0.00222084
1681748612518742561,0.0156562,-0.0140955,-0.00596986,0.653066,-0.757245,0.00836172,0.00377465
1681748612752244473,0.0174745,-0.0124451,-0.00677996,0.653443,-0.756902,0.0102499,0.00262198
1681748612985746861,0.0172117,-0.0114503,-0.00600747,0.65545,-0.755168,0.0100908,0.0024321
1681748613219249964,0.0195225,-0.0110079,-0.00741354,0.654073,-0.756368,0.00960946,0.00207781
1681748613452752829,0.0198326,-0.0114211,-0.00636489,0.655516,-0.755141,0.00723735,0.00304631
1681748613686255693,0.0207468,-0.0135129,-0.00526546,0.655951,-0.754766,0.00737698,0.00179991
1681748613919758797,0.0187021,-0.0125021,-0.00291949,0.657192,-0.753686,0.00724812,0.00173483
1681748614153264999,0.0157371,-0.0128682,-0.00202213,0.657836,-0.753131,0.00620085,0.00274899
1681748614386771441,0.014978,-0.0141451,-0.00277727,0.656863,-0.753976,0.00622618,0.00354502
1681748614620278358,0.0164819,-0.0155493,-0.00253799,0.65719,-0.753697,0.0056188,0.00324323
1681748614853785515,0.0152963,-0.0166825,-0.00302921,0.656608,-0.754198,0.00652235,0.00290615
1681748615087287664,0.015702,-0.0182341,-0.00314609,0.656619,-0.754186,0.00695822,0.00242409
1681748615320788860,0.0179781,-0.0206722,-0.00364011,0.656103,-0.754632,0.00757562,0.00111958
1681748615554290056,0.017933,-0.0216636,-0.00435007,0.656218,-0.754544,0.00650233,0.000469374
1681748615787791491,0.0144803,-0.0220664,-0.00434269,0.657278,-0.753625,0.005872,0.000238439
1681748616021289825,0.0116217,-0.0171469,-0.00681357,0.656295,-0.754474,0.00672018,-0.000188386
1681748616254785538,0.00701277,-0.00841005,-0.00977007,0.654584,-0.755934,0.00874729,-0.00267032
1681748616488281250,-0.00106508,0.00337112,-0.0125865,0.6547,-0.755788,0.0112074,-0.00512259
1681748616721776485,-0.0176988,0.0268204,-0.0167636,0.653119,-0.757038,0.0164609,-0.00769608
1681748616955273628,-0.0427089,0.0603083,-0.017498,0.657466,-0.753182,0.020682,-0.00534753
1681748617188777685,-0.0650205,0.111008,-0.0327196,0.651389,-0.758222,0.0281341,-0.000381577
1681748617422281265,-0.0738149,0.183351,-0.0600294,0.632507,-0.774116,0.0244666,0.00899222
1681748617655785084,-0.0613166,0.281395,-0.0715689,0.635961,-0.771336,0.0167494,0.0177292
1681748617889288902,-0.0282535,0.405018,-0.0618681,0.640639,-0.767481,0.0117255,0.0204342
1681748618122800589,-0.00687318,0.530406,-0.0310632,0.657709,-0.753105,-0.0070741,0.0141782
1681748618356312990,-0.000932989,0.661079,-0.0271101,0.644917,-0.763852,-0.0147723,0.0198526
1681748618589825869,-0.00881841,0.818157,-0.0302756,0.649454,-0.759953,-0.0170185,0.0197869
1681748618823339701,-0.0261097,0.989504,-0.0249397,0.658162,-0.752502,-0.00847351,0.0221908
1681748619056843758,-0.0391828,1.16559,-0.0201531,0.657803,-0.752804,-0.00352357,0.0238521
1681748619290343761,-0.043414,1.35487,-0.0313867,0.652343,-0.757366,-0.00412583,0.0287787
1681748619523843527,-0.0321372,1.55543,-0.0360142,0.654102,-0.75559,-0.00545076,0.0347028
1681748619757343292,-0.029009,1.75035,-0.0111561,0.661586,-0.749349,-0.0115044,0.0254494
1681748619990838528,-0.0405583,1.93165,-0.00105694,0.665222,-0.746252,-0.0182584,0.0159459
1681748620224327326,-0.0666191,2.11917,0.000179118,0.666619,-0.745107,-0.0064576,0.01981
1681748620457815170,-0.10111,2.30773,0.0154006,0.672053,-0.740272,-0.000729883,0.0184749
1681748620691302299,-0.118273,2.49178,0.0184908,0.66385,-0.74759,0.00564568,0.019536
1681748620924737215,-0.123525,2.68746,0.0172148,0.663527,-0.747684,0.00725862,0.0254643
1681748621158980370,-0.127072,2.88468,0.0223391,0.664049,-0.747275,-0.00584383,0.0241862
1681748621393255949,-0.139577,3.07059,0.023258,0.660172,-0.750689,-0.0128697,0.0217639
1681748621627563715,-0.173042,3.25607,0.0231795,0.670781,-0.741143,-0.0127866,0.0244174
1681748621861904144,-0.213656,3.44838,0.0233105,0.668679,-0.743266,0.000875323,0.0205776
1681748622095662117,-0.244095,3.64366,0.0220521,0.6566,-0.753949,0.00496279,0.020301
1681748622329081535,-0.269185,3.84397,0.0137925,0.65807,-0.752424,0.00620051,0.0276272
1681748622562496185,-0.293208,4.04788,0.0198523,0.668618,-0.743017,-0.00786596,0.0285255
1681748622795906067,-0.317235,4.2447,0.0112536,0.65353,-0.756395,-0.0155712,0.022881
1681748623029320478,-0.361378,4.44092,-0.00345998,0.658884,-0.751826,-0.0203167,0.0147318
1681748623262745142,-0.418113,4.6424,0.00481406,0.662979,-0.748365,-0.0162283,0.0120572
1681748623496164799,-0.46572,4.83521,0.0176126,0.661016,-0.75002,-0.0128584,0.0190538
1681748623729580164,-0.501041,5.04401,0.01737,0.663522,-0.747514,-0.0160404,0.0265496
1681748623962992668,-0.519716,5.2613,0.0285131,0.668186,-0.743146,-0.0213742,0.0283585
1681748624196420193,-0.540761,5.46401,0.0371371,0.662983,-0.747652,-0.0265288,0.0276641
1681748624429843187,-0.574368,5.66234,0.0355361,0.669085,-0.742518,-0.0222788,0.0222889
1681748624663261890,-0.617629,5.87408,0.0384895,0.667878,-0.744093,-0.00894227,0.0136238
1681748624896676064,-0.652599,6.07753,0.0455432,0.668803,-0.74336,-0.00400066,0.0100849
1681748625130104303,-0.676618,6.2972,0.0415024,0.667784,-0.744192,-0.00518348,0.0147156
1681748625363533020,-0.69262,6.52846,0.0586816,0.680902,-0.732149,-0.0111235,0.0143529
1681748625596957445,-0.721722,6.75358,0.0743504,0.674065,-0.738231,-0.0176209,0.0184919
1681748625830378056,-0.763918,6.9842,0.0792909,0.683336,-0.729728,-0.0182344,0.0146926
1681748626063805342,-0.812299,7.22211,0.0886423,0.681006,-0.732203,-0.00738651,0.00750178
1681748626297238827,-0.857379,7.44913,0.0981031,0.678495,-0.734515,-0.00890071,0.00725948
1681748626530668020,-0.880424,7.68401,0.0916216,0.681004,-0.732053,-0.00816972,0.0162765
1681748626764093161,-0.895752,7.91849,0.0957276,0.678832,-0.734006,-0.0107151,0.0175433
1681748626997517586,-0.916457,8.15624,0.0890791,0.673228,-0.739182,-0.012808,0.0144964
1681748627230947971,-0.958732,8.39995,0.0754658,0.67904,-0.733993,-0.00736943,0.0101779
1681748627464374304,-1.0146,8.65592,0.0841038,0.680067,-0.733117,-5.71056e-06,0.00698235
1681748627697796345,-1.05885,8.91467,0.0865096,0.671411,-0.740969,0.00145802,0.0130472
1681748627931212664,-1.09483,9.17309,0.0953564,0.685321,-0.727767,-0.0123496,0.0231886
1681748628164646864,-1.12608,9.43483,0.111418,0.688135,-0.724712,-0.0198198,0.0294887
1681748628398077250,-1.15866,9.68963,0.103606,0.686126,-0.726646,-0.0185066,0.0295697
1681748628631502867,-1.1885,9.94115,0.0838055,0.676048,-0.736081,-0.000787268,0.033822
1681748628864924908,-1.21039,10.1969,0.0765722,0.670235,-0.7417,0.0100255,0.0237947
1681748629098357439,-1.22718,10.4278,0.0737345,0.673023,-0.739226,0.005485,0.0235518
1681748629331794500,-1.2417,10.6819,0.0659443,0.680328,-0.732451,-0.00856053,0.0244033
1681748629565227270,-1.24978,10.9192,0.0612376,0.67408,-0.738018,-0.0146123,0.0270694
1681748629798656464,-1.25745,11.1424,0.0502743,0.670337,-0.741735,-0.00702524,0.0206668
1681748630032084942,-1.28734,11.3842,0.0418287,0.67338,-0.739161,-0.00026635,0.0141312
1681748630265513897,-1.31715,11.6228,0.045747,0.670876,-0.741372,0.00684412,0.0156973
1681748630498938799,-1.33454,11.864,0.0428663,0.674777,-0.737695,0.00689041,0.0208271
1681748630732359171,-1.33683,12.1274,0.0372385,0.669726,-0.742234,-0.00804793,0.0221461
1681748630965777159,-1.33387,12.3858,0.0467783,0.666519,-0.745074,-0.0174461,0.0176728
1681748631199209929,-1.35481,12.6369,0.033545,0.665835,-0.745988,-0.00914781,0.00903408
1681748631432638645,-1.3982,12.8853,0.0258763,0.658001,-0.753,-0.000210619,0.00513906
1681748631666063070,-1.43457,13.1203,0.036228,0.659329,-0.751786,-0.000118389,0.0101165
1681748631899483442,-1.46107,13.3612,0.0385388,0.66728,-0.744677,-0.00414566,0.0133052
1681748632132906437,-1.47665,13.6116,0.0501172,0.659837,-0.751336,-0.00595382,0.00861364
1681748632366326571,-1.50605,13.8533,0.0512135,0.654902,-0.755669,-0.00813236,0.00107703
1681748632599741936,-1.55749,14.0927,0.0463409,0.657431,-0.7535,0.00267585,0.00398278
1681748632833152294,-1.61424,14.3221,0.0605791,0.653249,-0.757062,0.0108595,0.00235019
1681748633066572189,-1.65347,14.5522,0.0761287,0.661966,-0.749479,0.00903044,-0.000562569
1681748633300000906,-1.68419,14.7862,0.0863602,0.671901,-0.740584,-0.00178204,0.00896381
1681748633533425331,-1.71493,15.0133,0.100081,0.66659,-0.745331,-0.00812694,0.00853843
1681748633766845226,-1.74864,15.2479,0.0895161,0.658438,-0.752607,-0.00649746,-0.000114568
1681748634000267744,-1.80033,15.4865,0.0905129,0.658592,-0.752485,0.00455054,0.0017652
1681748634233710766,-1.8416,15.7229,0.105817,0.655762,-0.754822,0.0140879,-0.00467945
1681748634467150211,-1.87546,15.9584,0.106472,0.660282,-0.750976,0.00732571,0.00286455
1681748634700585604,-1.88843,16.1974,0.116597,0.658485,-0.752558,0.00729951,-0.00109836
1681748634934016943,-1.90361,16.414,0.141344,0.672387,-0.74017,-0.00498095,-0.00448244
1681748635167460680,-1.92193,16.6276,0.13724,0.671644,-0.740788,-0.00118005,-0.0112388
1681748635400901079,-1.9464,16.8398,0.141582,0.670079,-0.742146,0.0077887,-0.0123422
1681748635634337425,-1.96178,17.0425,0.145911,0.663972,-0.747543,0.0135706,-0.0117346
1681748635867769718,-1.98644,17.2571,0.141318,0.668256,-0.743922,0.00326585,-0.00158267
1681748636101193190,-2.00194,17.4674,0.148211,0.669942,-0.7424,-0.00323412,0.00307538
1681748636334608078,-2.03041,17.665,0.15341,0.66899,-0.743166,-0.0125074,-0.00012771
1681748636568017721,-2.06639,17.8746,0.14249,0.668953,-0.743163,-0.0122166,-0.0077841
1681748636801422596,-2.11402,18.093,0.148614,0.670095,-0.742134,-0.00329735,-0.0141199
1681748637034974337,-2.14823,18.3035,0.151527,0.663023,-0.748505,-0.00111633,-0.0118455
1681748637268821955,-2.16623,18.5264,0.13703,0.664753,-0.747034,-0.00626559,-0.00215384
1681748637502702236,-2.18114,18.7522,0.136939,0.654872,-0.75556,-0.0164415,0.000787461
1681748637736614704,-2.19197,18.9759,0.150597,0.664442,-0.747094,-0.0191428,0.000727445
1681748637970525980,-2.21593,19.2096,0.147282,0.669652,-0.742552,-0.00763502,0.0111003
1681748638204026699,-2.23326,19.446,0.16264,0.670362,-0.741979,0.00609954,0.00671806
1681748638437527180,-2.23856,19.6717,0.166175,0.67448,-0.738258,0.00679501,0.0025858
1681748638671027422,-2.2359,19.8876,0.148896,0.673193,-0.739462,0.00202408,-0.00159974
1681748638904527426,-2.24216,20.0701,0.154305,0.669295,-0.742985,0.00338168,-0.00251354
1681748639138030529,-2.25774,20.2419,0.161453,0.673537,-0.738999,0.00877666,-0.0122962
1681748639371534824,-2.29314,20.4092,0.167016,0.677848,-0.73419,0.0292947,-0.0250899
1681748639605039120,-2.32093,20.5784,0.187949,0.675193,-0.734171,0.0519032,-0.0491267
1681748639838543415,-2.33825,20.7391,0.194955,0.683946,-0.725047,0.0535211,-0.0605012
1681748640072048903,-2.37022,20.9148,0.171689,0.677818,-0.73111,0.0551718,-0.0547435
1681748640305555105,-2.38086,21.1127,0.175178,0.665799,-0.74182,0.0591242,-0.0540377
1681748640539062023,-2.40285,21.3018,0.164989,0.660388,-0.746123,0.061185,-0.0586935
1681748640772568941,-2.43967,21.4875,0.16129,0.663129,-0.74251,0.0749811,-0.0575801
1681748641006057501,-2.46709,21.6556,0.172476,0.662539,-0.740094,0.0951567,-0.0651747
1681748641242299318,-2.48955,21.8211,0.160411,0.655556,-0.745751,0.0952344,-0.0709439
1681748641478661299,-2.49309,22.0069,0.14859,0.655737,-0.744424,0.103192,-0.0720718
1681748641715143681,-2.48656,22.1782,0.154598,0.650723,-0.747137,0.11335,-0.0741549
1681748641951746464,-2.4755,22.353,0.158267,0.654491,-0.740386,0.118266,-0.0973835
1681748642185541630,-2.50055,22.5314,0.148063,0.651849,-0.739867,0.133289,-0.0996175
1681748642418845654,-2.52281,22.7021,0.161257,0.652399,-0.736183,0.14839,-0.101938
1681748642652137280,-2.54625,22.8862,0.159813,0.655764,-0.734731,0.139984,-0.102707
1681748642885416031,-2.53369,23.0633,0.141185,0.653575,-0.735505,0.146194,-0.102468
1681748643118675232,-2.51514,23.2366,0.139005,0.647135,-0.740025,0.148278,-0.107669
1681748643351911306,-2.50782,23.4137,0.140987,0.651072,-0.734546,0.140869,-0.129241
1681748643585131884,-2.50034,23.5985,0.12505,0.6452,-0.735726,0.160906,-0.128583
1681748643818336725,-2.48016,23.7767,0.127498,0.635488,-0.737122,0.184061,-0.137579
1681748644051541090,-2.44197,23.9359,0.120678,0.627869,-0.738639,0.198689,-0.143931
1681748644284761667,-2.39314,24.094,0.129726,0.638006,-0.726783,0.202961,-0.153434
1681748644517965555,-2.34216,24.2374,0.152704,0.640671,-0.718544,0.217269,-0.161332
1681748644751152992,-2.29561,24.3869,0.159646,0.639284,-0.712808,0.224759,-0.180841
1681748644984325647,-2.25675,24.5447,0.158199,0.638611,-0.704941,0.240798,-0.193004
1681748645217558146,-2.21248,24.7039,0.180431,0.64264,-0.695285,0.255493,-0.195746
1681748645450774431,-2.17044,24.8709,0.190857,0.658468,-0.690039,0.233031,-0.189639
1681748645683974743,-2.0794,25.0092,0.179775,0.657848,-0.696988,0.224553,-0.176124
1681748645917158842,-1.97071,25.1537,0.184263,0.645187,-0.711909,0.218588,-0.170701
1681748646150377989,-1.87491,25.308,0.169374,0.640836,-0.717884,0.20897,-0.174077
1681748646383599043,-1.78838,25.4705,0.159926,0.646053,-0.715052,0.210607,-0.164197
1681748646616804123,-1.70765,25.6335,0.183291,0.652564,-0.708211,0.21581,-0.161318
1681748646849992752,-1.633,25.7866,0.183293,0.661388,-0.709275,0.187149,-0.156427
1681748647083358526,-1.53487,25.9482,0.167113,0.661234,-0.722226,0.152041,-0.134321
1681748647317107677,-1.44964,26.1118,0.184515,0.664192,-0.72796,0.11762,-0.122835
1681748647550863028,-1.40545,26.2497,0.180683,0.665836,-0.731875,0.102302,-0.10274
1681748647784625053,-1.36788,26.431,0.16517,0.663267,-0.736101,0.0984946,-0.0923656
1681748648018393517,-1.34584,26.6098,0.181859,0.672483,-0.730232,0.0887237,-0.0815787
1681748648251703739,-1.32297,26.7966,0.184683,0.680279,-0.726552,0.0696392,-0.0670319
1681748648484876156,-1.29391,26.9874,0.177989,0.680449,-0.728947,0.0485316,-0.0571874
1681748648718029737,-1.28496,27.1791,0.191195,0.686456,-0.726029,0.0244589,-0.0325778
1681748648951164007,-1.27819,27.3787,0.176918,0.682341,-0.730277,0.0179633,-0.0280032
1681748649184324265,-1.32488,27.5799,0.186265,0.684219,-0.728453,0.0240521,-0.024943
1681748649417505264,-1.36924,27.7739,0.202075,0.690794,-0.722365,0.0223159,-0.0222498
1681748649650667667,-1.38102,27.9845,0.181435,0.690332,-0.723285,0.0136588,-0.0106706
1681748649883810997,-1.37639,28.1995,0.177294,0.68412,-0.729369,-0.000891987,0.000475588
1681748650116954803,-1.37404,28.4142,0.17388,0.681445,-0.731724,-0.0143875,-0.00242132
1681748650350139856,-1.39222,28.6535,0.137831,0.668001,-0.744108,-0.00871385,0.00139794
1681748650583306313,-1.41956,28.902,0.130702,0.657475,-0.753383,-0.00489076,0.0107969
1681748650816454172,-1.43434,29.1455,0.119464,0.651372,-0.758572,-0.00263539,0.0166324
1681748651049579144,-1.43971,29.392,0.111841,0.660038,-0.7509,-0.00940869,0.0202884
1681748651282777309,-1.44497,29.622,0.121634,0.660566,-0.750341,-0.0125955,0.0219653
1681748651515957355,-1.4517,29.8591,0.105784,0.659108,-0.751858,-0.00955233,0.0139637
1681748651749119282,-1.48324,30.1063,0.0965754,0.659399,-0.751697,-0.00287614,0.0116979
1681748651982263088,-1.51,30.3319,0.120448,0.660731,-0.750535,0.00323493,0.0109945
1681748652215440035,-1.52196,30.56,0.108781,0.666832,-0.745038,0.000221903,0.0159524
1681748652448624372,-1.53193,30.7912,0.112686,0.667859,-0.744041,-0.00743889,0.0176448
1681748652681790113,-1.55002,31.0094,0.115638,0.66333,-0.747863,-0.0138011,0.022461
1681748652914937019,-1.58109,31.2347,0.0901519,0.663765,-0.747651,-0.0169955,0.0120367
1681748653148091555,-1.61315,31.4643,0.096459,0.662078,-0.749207,-0.00859805,0.016387
1681748653381270170,-1.63353,31.6819,0.0951736,0.669393,-0.74248,-0.0130412,0.0216186
1681748653614429951,-1.6347,31.9096,0.0835534,0.663787,-0.747266,-0.0201252,0.0239971
1681748653847570181,-1.64394,32.1336,0.0952263,0.661789,-0.748185,-0.0329593,0.034185
1681748654080698490,-1.66248,32.3519,0.082119,0.659331,-0.750707,-0.0331813,0.0249133
1681748654313885212,-1.69569,32.5914,0.0745723,0.661428,-0.749518,-0.0199804,0.0183299
1681748654547052622,-1.72066,32.8246,0.0800901,0.659183,-0.751746,-0.0131086,0.0135352
1681748654780201197,-1.74258,33.0642,0.0613644,0.657871,-0.75268,-0.017196,0.0195875
1681748655013330460,-1.75267,33.3106,0.0555251,0.646353,-0.762377,-0.0219963,0.0228996
1681748655246503353,-1.77765,33.5518,0.0609027,0.6468,-0.761452,-0.0334264,0.0268801
1681748655479669094,-1.79656,33.7917,0.0495835,0.652855,-0.75661,-0.0282969,0.0228263
1681748655712815523,-1.81405,34.0185,0.0824152,0.656648,-0.753581,-0.0168186,0.0254256
1681748655945942402,-1.81807,34.2367,0.0985548,0.661653,-0.749034,-0.0144035,0.0309294
1681748656179097891,-1.80425,34.4602,0.100986,0.678879,-0.733134,-0.0230611,0.0332519
1681748656412279606,-1.79059,34.685,0.125491,0.682266,-0.729456,-0.0300847,0.0387571
1681748656645442247,-1.78733,34.9179,0.116541,0.676318,-0.734767,-0.0386851,0.0348462
1681748656878585577,-1.78727,35.1504,0.10194,0.670539,-0.740837,-0.0213185,0.0329125
1681748657112069130,-1.7913,35.3794,0.12198,0.678699,-0.733805,-0.0127139,0.0271408
1681748657346814632,-1.78304,35.5954,0.0988621,0.668285,-0.743047,-0.0164413,0.0317063
1681748657581677437,-1.75334,35.8102,0.0849346,0.662292,-0.748434,-0.0203795,0.0283135
1681748657816657305,-1.74746,36.0097,0.0889233,0.658084,-0.751585,-0.025999,0.0370182
1681748658051843643,-1.75707,36.2148,0.0622802,0.657209,-0.752521,-0.0263765,0.0330574
1681748658285289288,-1.77823,36.4365,0.0689905,0.652916,-0.756479,-0.0185761,0.0330954
1681748658518731117,-1.78607,36.6628,0.0847917,0.659774,-0.75026,-0.0198657,0.0375948
1681748658752169371,-1.79928,36.857,0.0765072,0.666066,-0.743979,-0.0223551,0.0485021
1681748658985604286,-1.81291,37.0545,0.0858226,0.663923,-0.744966,-0.0318719,0.0567056
1681748659219059706,-1.8289,37.2454,0.083933,0.675244,-0.735505,-0.0354324,0.042693
1681748659452525854,-1.85072,37.4502,0.0596177,0.665672,-0.745195,-0.0228064,0.0323383
1681748659685989618,-1.88585,37.6412,0.0659743,0.671479,-0.740157,-0.00823221,0.034857
1681748659919451237,-1.91368,37.8378,0.0574443,0.663767,-0.747203,-0.00861893,0.0320271
1681748660152910233,-1.93654,38.0469,0.0453657,0.664783,-0.746175,-0.0150845,0.0325423
1681748660386365175,-1.96667,38.2564,0.0533567,0.656899,-0.752886,-0.0210447,0.0346969
1681748660619817257,-2.01046,38.4758,0.0477527,0.665546,-0.745537,-0.0222412,0.0269952
1681748660853265762,-2.06681,38.7022,0.0465686,0.664768,-0.746683,-0.00420069,0.023037
1681748661086711884,-2.12539,38.9172,0.0598784,0.667345,-0.744498,0.00422742,0.0188452
1681748661320157290,-2.1664,39.13,0.0541357,0.671997,-0.740336,0.00846311,0.0158337
1681748661553598881,-2.20204,39.3485,0.0583514,0.66905,-0.743067,0.0101068,0.0109842
1681748661787036896,-2.24617,39.5527,0.071172,0.67206,-0.74048,0.00483678,0.00123444
1681748662020471334,-2.29006,39.7578,0.0648719,0.673249,-0.739277,0.0110604,-0.00915414
1681748662253910780,-2.33461,39.9532,0.087815,0.682212,-0.730416,0.0267086,-0.0191052
1681748662487348318,-2.37942,40.1491,0.0972783,0.680167,-0.73182,0.0321413,-0.0279204
1681748662720782518,-2.41216,40.3532,0.0823047,0.676159,-0.735327,0.0353721,-0.0291857
1681748662954212666,-2.43671,40.5312,0.101149,0.682739,-0.729023,0.0357486,-0.033399
1681748663188529968,-2.47256,40.7116,0.106448,0.680485,-0.730477,0.0349871,-0.0460353
1681748663425057173,-2.51343,40.867,0.10562,0.682809,-0.726695,0.0485017,-0.057742
1681748663661727428,-2.57335,41.0614,0.128694,0.676604,-0.72933,0.0824523,-0.0590478
1681748663898540974,-2.62074,41.2477,0.145001,0.673279,-0.72966,0.0926902,-0.0754993
1681748664135390043,-2.64511,41.4152,0.127171,0.663653,-0.736573,0.100883,-0.0827434
1681748664368629932,-2.65342,41.5655,0.140745,0.675959,-0.723475,0.112854,-0.0832359
1681748664601854086,-2.65057,41.6847,0.148954,0.672611,-0.723516,0.118149,-0.100801
1681748664835062265,-2.66526,41.7983,0.135435,0.66665,-0.724129,0.132418,-0.116963
1681748665068254948,-2.69414,41.9149,0.14635,0.665049,-0.717813,0.160024,-0.129795
1681748665301477194,-2.71492,42.0192,0.157604,0.665002,-0.710701,0.172497,-0.1514
1681748665534688950,-2.71793,42.1296,0.146184,0.656441,-0.709195,0.19219,-0.170855
1681748665767884254,-2.71272,42.2509,0.144095,0.646273,-0.713554,0.208737,-0.17205
1681748666001063347,-2.70338,42.3473,0.155081,0.647361,-0.705519,0.21855,-0.188156
1681748666234256506,-2.69209,42.4235,0.147279,0.63932,-0.701589,0.235784,-0.208443
1681748666467470169,-2.6884,42.5371,0.150287,0.634428,-0.690729,0.26873,-0.219495
1681748666700667143,-2.67643,42.637,0.162732,0.626284,-0.679838,0.297721,-0.238643
1681748666933847427,-2.63381,42.7382,0.153646,0.615665,-0.674484,0.31098,-0.263286
1681748667167026520,-2.55403,42.8206,0.146303,0.613631,-0.663452,0.324518,-0.279242
1681748667400254011,-2.45586,42.9058,0.152975,0.604709,-0.656469,0.348746,-0.285923
1681748667633464813,-2.35903,43.0194,0.157103,0.592765,-0.645506,0.361572,-0.318147
1681748667866659403,-2.25571,43.1546,0.153887,0.584865,-0.62792,0.390607,-0.333279
1681748668099829435,-2.17963,43.3007,0.164206,0.580453,-0.609966,0.413711,-0.346206
1681748668333080769,-2.11101,43.4125,0.159601,0.57073,-0.60924,0.424379,-0.350708
1681748668566316843,-2.02385,43.5071,0.149531,0.573823,-0.609327,0.423581,-0.346449
1681748668799537897,-1.92676,43.5911,0.159799,0.594011,-0.606921,0.410388,-0.332235
1681748669032743692,-1.79766,43.6715,0.170285,0.595925,-0.613875,0.40579,-0.321504
1681748669265967369,-1.66888,43.7595,0.164969,0.590991,-0.622892,0.403679,-0.315878
1681748669499194622,-1.54705,43.8564,0.160985,0.596739,-0.619853,0.400971,-0.314496
1681748669732405901,-1.42037,43.9678,0.167336,0.609777,-0.612198,0.393528,-0.31388
1681748669965601444,-1.29449,44.0639,0.182553,0.617385,-0.611359,0.389879,-0.305074
1681748670198810577,-1.15746,44.14,0.166231,0.623453,-0.616591,0.38225,-0.29156
1681748670432065487,-1.01381,44.2003,0.171815,0.622166,-0.630776,0.365459,-0.285431
1681748670665305138,-0.895006,44.2647,0.179293,0.630202,-0.631596,0.341793,-0.295143
1681748670898530006,-0.791105,44.3465,0.164195,0.632979,-0.643774,0.328923,-0.276952
1681748671131742239,-0.698101,44.4317,0.163804,0.65372,-0.639342,0.311455,-0.258627
1681748671364975214,-0.605742,44.5074,0.168219,0.654704,-0.643423,0.308289,-0.249655
1681748671598191977,-0.523431,44.5849,0.161624,0.657491,-0.657886,0.285353,-0.231224
1681748671831392288,-0.435228,44.662,0.147164,0.665237,-0.675735,0.244253,-0.202935
1681748672064576387,-0.343225,44.7187,0.140209,0.673412,-0.687232,0.206625,-0.177582
1681748672297803402,-0.266713,44.7773,0.135547,0.67318,-0.700697,0.181733,-0.151081
1681748672531034231,-0.188818,44.8588,0.112679,0.672037,-0.707662,0.178278,-0.125687
1681748672764249325,-0.111201,44.9706,0.0932888,0.675778,-0.705743,0.177701,-0.116929
1681748672997448683,-0.0533609,45.1035,0.103785,0.683089,-0.702661,0.167829,-0.107192
1681748673230662823,0.00634055,45.2605,0.0829297,0.67724,-0.716024,0.143424,-0.0899158
1681748673463896275,0.0794116,45.4115,0.0565043,0.679203,-0.721317,0.113781,-0.0737564
1681748673697113276,0.139315,45.5489,0.0599884,0.685859,-0.719713,0.085907,-0.0650444
1681748673930314779,0.185685,45.6942,0.0396408,0.681677,-0.725562,0.0755105,-0.0563484
1681748674163510084,0.213845,45.8679,0.0131613,0.674471,-0.733304,0.0730965,-0.0448357
1681748674396734953,0.238235,46.0371,0.0190287,0.680876,-0.726575,0.0836244,-0.038783
1681748674629942894,0.261126,46.1935,0.00745761,0.680852,-0.727697,0.0749425,-0.0357782
1681748674863134623,0.291115,46.3584,-0.0182879,0.675886,-0.733711,0.0622766,-0.0311261
1681748675096302271,0.31928,46.5132,-0.00901781,0.68198,-0.728523,0.0571417,-0.0298817
1681748675329537630,0.321227,46.6576,-0.0189873,0.682468,-0.729027,0.0404232,-0.0335111
1681748675562756777,0.317896,46.8121,-0.042976,0.670996,-0.73886,0.0490359,-0.0380228
1681748675795959949,0.302005,46.9585,-0.0316627,0.684934,-0.725501,0.0556765,-0.0376044
1681748676029147148,0.28326,47.0991,-0.0500848,0.680484,-0.730137,0.0500481,-0.0365722
1681748676262368917,0.27603,47.2698,-0.0852382,0.669173,-0.740426,0.052244,-0.0353017
1681748676495606899,0.269572,47.4399,-0.0751461,0.677521,-0.732996,0.0510075,-0.0328756
1681748676728829384,0.241146,47.5947,-0.0808968,0.681095,-0.730047,0.0459275,-0.0321143
1681748676962036371,0.217084,47.7763,-0.0980245,0.676338,-0.733704,0.0562749,-0.0328269
1681748677195251942,0.192176,47.9635,-0.0790737,0.682807,-0.726659,0.0694253,-0.0303559
1681748677428501606,0.175377,48.1349,-0.0707743,0.683151,-0.727079,0.0633557,-0.0254253
1681748677661735773,0.178065,48.3061,-0.0681024,0.697393,-0.714415,0.0520641,-0.0233083
1681748677894954920,0.197097,48.4676,-0.0414244,0.704151,-0.708321,0.0482115,-0.0113349
1681748678128160238,0.20186,48.6376,-0.0418732,0.70841,-0.704601,0.0358465,-0.0202038
1681748678361392736,0.201954,48.8022,-0.0570452,0.71142,-0.701836,0.0329718,-0.0148581
1681748678594608784,0.199627,48.9621,-0.046757,0.713379,-0.700018,0.0326304,-0.000414014
1681748678827808619,0.195638,49.1172,-0.0578948,0.710396,-0.703275,0.0177762,0.0206226
1681748679060991764,0.2037,49.2614,-0.0717199,0.711712,-0.700468,-0.0194113,0.0493446
1681748679295353651,0.217277,49.382,-0.0590751,0.716687,-0.692185,-0.0523931,0.0670365
1681748679530228138,0.211963,49.5113,-0.0682703,0.710023,-0.694901,-0.076729,0.0842165
1681748679765223742,0.183432,49.6296,-0.0894799,0.704086,-0.69671,-0.0885171,0.104995
1681748680000340462,0.129439,49.761,-0.0880299,0.702521,-0.694564,-0.0955389,0.122136
1681748680234762669,0.0760695,49.896,-0.0872555,0.698221,-0.693599,-0.108051,0.140472
1681748680468269825,0.031446,50.0474,-0.118454,0.689238,-0.693489,-0.134621,0.16094
1681748680701776981,0.00472929,50.2064,-0.127131,0.687704,-0.681552,-0.172838,0.180766
1681748680935284376,-0.0131393,50.3598,-0.123717,0.683037,-0.675447,-0.194337,0.198659
1681748681168790340,-0.0718068,50.5044,-0.140412,0.661806,-0.685381,-0.211936,0.2176
1681748681402287483,-0.163552,50.6514,-0.158915,0.654687,-0.678969,-0.232702,0.23714
1681748681635784388,-0.256009,50.7831,-0.143137,0.657952,-0.663821,-0.248759,0.254088
1681748681869280815,-0.360478,50.9056,-0.151632,0.643448,-0.657429,-0.277936,0.27661
1681748682102776766,-0.462171,51.0339,-0.169556,0.632238,-0.635632,-0.317056,0.309392
1681748682336270809,-0.531828,51.1446,-0.183191,0.618646,-0.618761,-0.349944,0.334591
1681748682569763660,-0.612334,51.2454,-0.202709,0.603923,-0.611938,-0.371322,0.350614
1681748682803256035,-0.708776,51.2928,-0.230674,0.597207,-0.593686,-0.39212,0.370301
1681748683036747694,-0.817495,51.3081,-0.238813,0.588014,-0.579418,-0.406749,0.391241
1681748683270240545,-0.937853,51.3272,-0.244088,0.578381,-0.571466,-0.419244,0.403901
1681748683503733635,-1.07082,51.3646,-0.266052,0.562417,-0.568204,-0.431357,0.418047
1681748683737225771,-1.20696,51.4188,-0.279709,0.545525,-0.558521,-0.44399,0.439693
1681748683970717430,-1.33628,51.4632,-0.288964,0.530195,-0.552073,-0.462295,0.447651
1681748684204211950,-1.47154,51.5104,-0.306655,0.527434,-0.544647,-0.468968,0.453037
1681748684437713385,-1.64042,51.5636,-0.317054,0.52682,-0.539586,-0.467319,0.461434
1681748684671214581,-1.81116,51.6204,-0.292791,0.53709,-0.530634,-0.46152,0.46579
1681748684904715776,-1.9836,51.6808,-0.289184,0.531857,-0.522833,-0.470397,0.4717
1681748685138217211,-2.14786,51.7442,-0.286638,0.53087,-0.500901,-0.481124,0.485587
1681748685373922586,-2.30133,51.7902,-0.280377,0.529715,-0.488377,-0.495315,0.485338
1681748685610257149,-2.47737,51.8183,-0.291091,0.527965,-0.491486,-0.495404,0.484013
1681748685846711874,-2.67867,51.8259,-0.30178,0.522775,-0.494188,-0.489932,0.492394
1681748686083286524,-2.87748,51.8276,-0.289581,0.523116,-0.50023,-0.47666,0.498913
1681748686318011284,-3.08639,51.841,-0.300991,0.521907,-0.506099,-0.478576,0.492384
1681748686551273346,-3.31947,51.863,-0.326534,0.512842,-0.501107,-0.487695,0.498034
1681748686784521580,-3.56011,51.893,-0.332338,0.509899,-0.510005,-0.493219,0.486449
1681748687017755270,-3.80757,51.9035,-0.346894,0.514021,-0.507766,-0.495121,0.482505
1681748687250983238,-4.05904,51.8958,-0.365446,0.511615,-0.515968,-0.48417,0.48745
1681748687484208822,-4.30332,51.8899,-0.356367,0.510817,-0.522889,-0.484271,0.480764
1681748687717417955,-4.54258,51.8958,-0.366213,0.507238,-0.517391,-0.491492,0.483169
1681748687950610876,-4.78203,51.9098,-0.371793,0.511217,-0.500218,-0.498346,0.48999
1681748688183807611,-5.01373,51.9168,-0.358763,0.50924,-0.487464,-0.507359,0.495621
1681748688417042017,-5.24476,51.9078,-0.375182,0.503247,-0.490416,-0.512903,0.493118
1681748688650259972,-5.48059,51.8736,-0.374041,0.505062,-0.484418,-0.506251,0.503945
1681748688883461952,-5.70216,51.8367,-0.359104,0.502222,-0.482091,-0.507839,0.507406
1681748689116647720,-5.92427,51.8099,-0.370225,-0.494977,0.477783,0.513478,-0.512895
1681748689349869251,-6.15096,51.7986,-0.382123,-0.48608,0.472884,0.522099,-0.517224
1681748689583095312,-6.37374,51.7777,-0.375946,-0.480987,0.467625,0.529657,-0.519078
1681748689816305399,-6.58542,51.7475,-0.392362,-0.476552,0.467919,0.534585,-0.51785
1681748690049499750,-6.80451,51.7014,-0.394741,-0.480773,0.467418,0.52616,-0.523005
1681748690282702684,-7.0171,51.654,-0.38272,0.481963,-0.470277,-0.516358,0.52908
1681748690515917778,-7.23674,51.6128,-0.399918,0.481794,-0.467978,-0.521716,0.526007
1681748690749115944,-7.47117,51.5922,-0.422561,0.480088,-0.461928,-0.526409,0.528234
1681748690982297421,-7.72173,51.5777,-0.42396,-0.479355,0.457175,0.535824,-0.523548
1681748691215473413,-7.97831,51.5664,-0.444623,-0.475477,0.460924,0.545746,-0.513451
1681748691448693037,-8.23172,51.5622,-0.458639,-0.475862,0.474368,0.534916,-0.512245
1681748691681895971,-8.46045,51.5612,-0.459437,-0.483398,0.474738,0.530913,-0.509
1681748691915081739,-8.67407,51.5805,-0.464886,-0.480655,0.479434,0.534066,-0.503872
1681748692148250580,-8.87975,51.6132,-0.471978,-0.476251,0.462993,0.544081,-0.512639
1681748692381484509,-9.08589,51.6396,-0.465542,-0.477408,0.445894,0.553325,-0.516809
1681748692614701271,-9.31236,51.6411,-0.479303,-0.468929,0.443384,0.562241,-0.517109
1681748692847901344,-9.55097,51.6214,-0.495766,-0.454759,0.446932,0.56288,-0.525939
1681748693081085682,-9.78382,51.5988,-0.487155,-0.45313,0.448693,0.558898,-0.530076
1681748693314296484,-10.001,51.6056,-0.496213,-0.449405,0.449343,0.565516,-0.52566
1681748693547525644,-10.2357,51.6285,-0.506191,-0.442505,0.433724,0.574587,-0.534718
1681748693780739546,-10.4673,51.6527,-0.498319,-0.438349,0.412167,0.584572,-0.544284
1681748694013937712,-10.6865,51.6524,-0.511757,-0.427055,0.400432,0.597392,-0.548089
1681748694247140884,-10.8973,51.6451,-0.528668,-0.418128,0.403294,0.599427,-0.550645
1681748694480385780,-11.0831,51.6333,-0.514325,-0.415351,0.406064,0.591077,-0.559663
1681748694713615179,-11.2509,51.629,-0.520262,-0.409771,0.4066,0.598783,-0.555178
1681748694946829081,-11.42,51.6228,-0.538725,-0.395665,0.388866,0.613903,-0.561566
1681748695180027008,-11.615,51.6231,-0.533856,-0.385081,0.366688,0.624634,-0.571914
1681748695413259029,-11.8009,51.6083,-0.550414,-0.368699,0.364622,0.643171,-0.56342
1681748695646474838,-11.9669,51.5687,-0.571903,-0.352051,0.351898,0.652759,-0.57108
1681748695879674435,-12.1182,51.5165,-0.562623,-0.348734,0.345301,0.646504,-0.58411
1681748696112857819,-12.2525,51.4598,-0.553538,-0.338473,0.331843,0.650656,-0.593265
1681748696346073866,-12.3911,51.4128,-0.556549,-0.32257,0.315263,0.657799,-0.603207
1681748696579293489,-12.5308,51.3661,-0.549261,-0.312018,0.279328,0.664655,-0.618752
1681748696812496901,-12.6762,51.318,-0.534936,-0.301471,0.257895,0.668344,-0.629223
1681748697045683861,-12.8234,51.2557,-0.540234,-0.295648,0.275312,0.675716,-0.616606
1681748697278886080,-12.9643,51.1835,-0.547544,-0.306411,0.290058,0.666768,-0.614328
1681748697512112379,-13.0898,51.0942,-0.521854,-0.326047,0.295696,0.649574,-0.619928
1681748697745322227,-13.2092,51.004,-0.51529,-0.328475,0.299215,0.649715,-0.616803
1681748697978516102,-13.3362,50.912,-0.534714,-0.320889,0.30522,0.65724,-0.609841
1681748698211709023,-13.4671,50.8267,-0.539334,-0.321406,0.309608,0.655634,-0.609085
1681748698444947004,-13.5844,50.7454,-0.532909,-0.331224,0.322626,0.648313,-0.604891
1681748698678169489,-13.6782,50.6635,-0.536505,-0.357455,0.332977,0.630646,-0.603024
1681748698911375761,-13.7628,50.5959,-0.528844,-0.369643,0.372957,0.609177,-0.594282
1681748699144565821,-13.8432,50.5557,-0.529101,-0.384845,0.39678,0.599336,-0.579013
1681748699377799273,-13.9407,50.5391,-0.541262,-0.402647,0.413327,0.588359,-0.566454
1681748699611026049,-14.0418,50.5461,-0.540694,-0.422099,0.427402,0.571944,-0.558605
1681748699844237089,-14.1344,50.5484,-0.532368,-0.429155,0.441913,0.572772,-0.540806
1681748700077431679,-14.2278,50.5328,-0.536447,-0.440917,0.443698,0.572766,-0.529777
1681748700310657978,-14.3313,50.4971,-0.542147,-0.452586,0.457109,0.560597,-0.521487
1681748700543902636,-14.4164,50.4669,-0.519022,-0.46634,0.456404,0.540809,-0.5308
1681748700777132034,-14.5045,50.4897,-0.522638,-0.470086,0.463203,0.540058,-0.522302
1681748701010345936,-14.6017,50.5281,-0.533055,-0.469154,0.462788,0.539719,-0.523856
1681748701243992567,-14.7106,50.5545,-0.521,-0.472009,0.459502,0.536676,-0.527299
1681748701478832483,-14.8123,50.5736,-0.532532,-0.470913,0.464821,0.540937,-0.519201
1681748701713794947,-14.9366,50.5883,-0.551576,-0.469744,0.485048,0.539331,-0.50318
1681748701948879480,-15.0713,50.5791,-0.543692,-0.474769,0.495258,0.528058,-0.500468
1681748702184080124,-15.2044,50.5666,-0.522116,-0.488717,0.487439,0.524802,-0.498139
1681748702417606115,-15.3479,50.5706,-0.522584,-0.488501,0.482475,0.520695,-0.507406
1681748702651133537,-15.4923,50.5875,-0.507113,0.496048,-0.466969,-0.515108,0.520135
1681748702884661913,-15.6181,50.6006,-0.490347,0.49391,-0.460982,-0.519305,0.523326
1681748703118191481,-15.7496,50.5945,-0.498805,-0.49089,0.459004,0.529721,-0.517434
1681748703351693869,-15.8958,50.5742,-0.50765,-0.491272,0.460117,0.531564,-0.514184
1681748703585185289,-16.0248,50.5459,-0.497756,-0.496402,0.466813,0.518466,-0.516588
1681748703818675995,-16.1417,50.5291,-0.490866,0.489589,-0.474332,-0.513499,0.521181
1681748704052166224,-16.2761,50.528,-0.489866,0.478188,-0.475365,-0.51117,0.532982
1681748704285657883,-16.4471,50.555,-0.473345,0.485782,-0.473229,-0.505886,0.533056
1681748704519151926,-16.5832,50.5631,-0.470261,0.478175,-0.481238,-0.511375,0.527498
1681748704752645493,-16.7202,50.5519,-0.487704,0.482795,-0.484664,-0.514241,0.517268
1681748704986138582,-16.8615,50.5334,-0.500962,0.490635,-0.495922,-0.50129,0.511905
1681748705219633102,-16.9683,50.5025,-0.48902,0.510939,-0.495324,-0.481798,0.511337
1681748705453137159,-17.0725,50.4775,-0.499004,0.508869,-0.499558,-0.480843,0.510181
1681748705686641455,-17.1988,50.4635,-0.51719,0.505744,-0.510712,-0.482534,0.500557
1681748705920145512,-17.3497,50.4518,-0.498904,0.517027,-0.506253,-0.472832,0.502813
1681748706153650045,-17.4613,50.4407,-0.486825,0.519652,-0.50593,-0.474559,0.498788
1681748706387151241,-17.5617,50.4349,-0.49268,0.525853,-0.502714,-0.469878,0.499971
1681748706620650768,-17.6979,50.4227,-0.48487,0.530025,-0.497037,-0.464468,0.506258
1681748706854150057,-17.7887,50.4127,-0.472373,0.538672,-0.490186,-0.461452,0.506569
1681748707087649107,-17.8833,50.4448,-0.486811,0.531986,-0.486331,-0.469595,0.509857
1681748707321147919,-17.9765,50.4779,-0.498921,0.525397,-0.479694,-0.486461,0.507156
1681748707554646492,-18.0731,50.4889,-0.508548,0.513949,-0.48699,-0.497025,0.50166
1681748707788144350,-18.1842,50.4769,-0.525411,0.510054,-0.490243,-0.49663,0.502857
1681748708021641731,-18.3084,50.4466,-0.544588,0.504653,-0.502434,-0.493738,0.499108
1681748708255140066,-18.4059,50.4488,-0.549799,0.511907,-0.501871,-0.484991,0.500859
1681748708488640070,-18.5223,50.44,-0.564801,0.503032,-0.517942,-0.487466,0.490991
1681748708722139835,-18.6477,50.4498,-0.580069,-0.499662,0.516858,0.482104,-0.500772
1681748708955639362,-18.7832,50.4565,-0.588743,-0.496871,0.5148,0.489819,-0.498174
1681748709189138889,-18.8817,50.4782,-0.592948,-0.498404,0.502529,0.498495,-0.50056
1681748709422628403,-18.9709,50.481,-0.610971,0.499356,-0.497089,-0.501587,0.501954
1681748709656117201,-19.0587,50.4769,-0.631305,0.501904,-0.503647,-0.500063,0.494337
1681748709889605284,-19.1349,50.4631,-0.648263,0.506493,-0.50613,-0.498145,0.489029
1681748710123092175,-19.1678,50.4314,-0.654622,0.505935,-0.50651,-0.500457,0.486848
1681748710356587887,-19.1678,50.397,-0.665838,0.504486,-0.510318,-0.503216,0.481501
1681748710590087652,-19.1843,50.37,-0.665282,-0.497466,0.517353,0.506534,-0.477804
1681748710823587179,-19.1927,50.3361,-0.666809,-0.492849,0.518042,0.508862,-0.479367
1681748711057086706,-19.197,50.3131,-0.662461,0.501553,-0.513221,-0.503466,0.481219
1681748711290592909,-19.185,50.3042,-0.658446,0.507673,-0.507393,-0.504064,0.480354
1681748711524108648,-19.1812,50.304,-0.672646,0.500266,-0.523362,-0.506573,0.468199
1681748711757624626,-19.1803,50.3035,-0.677375,-0.49693,0.529293,0.507823,-0.463708
1681748711991140604,-19.1813,50.3061,-0.681779,-0.49393,0.535909,0.508319,-0.458746
1681748712224654436,-19.1801,50.307,-0.682104,-0.493111,0.537226,0.507125,-0.459406
1681748712458152294,-19.1805,50.3072,-0.685769,-0.49187,0.53793,0.508441,-0.458458
1681748712691649675,-19.1831,50.3084,-0.69206,-0.490846,0.542658,0.508902,-0.453444
1681748712925146580,-19.1923,50.3088,-0.695015,-0.488108,0.54411,0.510751,-0.45258
1681748713158642769,-19.2031,50.3042,-0.693432,-0.489658,0.53948,0.51143,-0.45567
1681748713392150640,-19.2252,50.2992,-0.689629,-0.490122,0.540439,0.509118,-0.456623
1681748713625660658,-19.2589,50.2965,-0.688766,-0.491621,0.543805,0.504444,-0.456203
1681748713859170914,-19.316,50.2978,-0.688613,-0.487164,0.544002,0.504934,-0.460189
1681748714092680931,-19.4114,50.3076,-0.691994,-0.488605,0.540478,0.50597,-0.461675
1681748714326188803,-19.5498,50.3278,-0.683506,-0.483991,0.530745,0.51347,-0.46948
1681748714559694290,-19.6932,50.3553,-0.658011,-0.491733,0.522046,0.511526,-0.473294
1681748714793200016,-19.837,50.3644,-0.651675,-0.491821,0.524263,0.515413,-0.466487
1681748715026705265,-19.9914,50.3534,-0.660268,-0.499974,0.521235,0.514588,-0.462103
1681748715260208607,-20.1565,50.3223,-0.647925,-0.495471,0.518261,0.512654,-0.472334
1681748715493704081,-20.3183,50.3044,-0.626367,-0.494835,0.521853,0.508463,-0.473575
1681748715727199316,-20.4896,50.2969,-0.632422,-0.497166,0.516315,0.506524,-0.479247
1681748715960694075,-20.6726,50.2982,-0.631632,-0.496313,0.513694,0.514233,-0.474717
1681748716194188118,-20.8416,50.3052,-0.627378,-0.490415,0.529604,0.516659,-0.460517
1681748716427702427,-21.0084,50.2868,-0.644356,0.500963,-0.529822,-0.514289,0.451478
1681748716661217451,-21.1753,50.2472,-0.650277,0.512445,-0.533721,-0.507667,0.44138
1681748716894733429,-21.3273,50.2204,-0.635775,0.518939,-0.533003,-0.499519,0.44395
1681748717128249884,-21.4761,50.2309,-0.640213,0.514029,-0.543412,-0.495073,0.442018
1681748717361770153,-21.6365,50.2681,-0.641577,0.51806,-0.551905,-0.487259,0.435422
1681748717595293522,-21.7916,50.305,-0.625915,0.524106,-0.55419,-0.482815,0.430205
1681748717828818083,-21.9382,50.3317,-0.638855,0.524187,-0.559242,-0.490701,0.414354
1681748718062344313,-22.107,50.3439,-0.64806,0.543107,-0.565635,-0.474331,0.400127
1681748718295868635,-22.2773,50.3545,-0.632795,0.552835,-0.579677,-0.458503,0.384867
1681748718529390812,-22.4213,50.3738,-0.631544,0.545833,-0.596635,-0.44901,0.380109
1681748718762914419,-22.571,50.4033,-0.63405,0.554877,-0.597548,-0.438767,0.377533
1681748718996438980,-22.7029,50.4557,-0.618728,0.563112,-0.612596,-0.42255,0.359281
1681748719229960680,-22.8166,50.4946,-0.606571,0.57093,-0.627749,-0.40301,0.342861
1681748719463453531,-22.942,50.5218,-0.602053,0.586321,-0.648063,-0.365284,0.32064
1681748719696946144,-23.1372,50.5062,-0.601514,0.594506,-0.668765,-0.336707,0.293164
1681748719930437565,-23.3073,50.5111,-0.592248,0.59677,-0.68127,-0.315281,0.283434
1681748720163928270,-23.4648,50.5244,-0.597101,0.596824,-0.680301,-0.316111,0.284719
1681748720397418499,-23.6273,50.5436,-0.591141,0.599323,-0.658878,-0.33229,0.310281
1681748720630907774,-23.796,50.5437,-0.581155,0.581849,-0.650263,-0.358421,0.33188
1681748720864396334,-23.9632,50.5297,-0.587095,0.561344,-0.639426,-0.388021,0.354214
1681748721097883463,-24.1407,50.4889,-0.579236,0.549363,-0.611322,-0.412399,0.392954
1681748721331374407,-24.3324,50.4418,-0.546705,0.541766,-0.5826,-0.424231,0.432545
1681748721564868212,-24.5215,50.403,-0.528691,0.516556,-0.54876,-0.45718,0.472248
1681748721798361301,-24.7006,50.3786,-0.523621,-0.476065,0.512498,0.502015,-0.508614
1681748722031853676,-24.8696,50.3622,-0.518627,-0.459465,0.488968,0.534199,-0.514231
1681748722265349865,-25.0376,50.3252,-0.537467,-0.43435,0.487596,0.556827,-0.513355
1681748722498857260,-25.2174,50.2638,-0.562233,-0.43711,0.482264,0.561603,-0.510841
1681748722732364416,-25.3911,50.1905,-0.569298,-0.438308,0.474247,0.567887,-0.510373
1681748722965872049,-25.5418,50.1304,-0.560792,-0.429869,0.466772,0.571068,-0.520786
1681748723199379683,-25.6865,50.0813,-0.556338,-0.411568,0.445374,0.577777,-0.546285
1681748723432879925,-25.8285,50.0491,-0.544354,-0.402943,0.418858,0.585927,-0.564699
1681748723666379929,-25.9689,50.0156,-0.537212,-0.401273,0.40322,0.602146,-0.56019
1681748723899879694,-26.1106,49.9713,-0.551329,-0.384639,0.403209,0.613996,-0.559003
1681748724133378983,-26.2615,49.908,-0.555687,-0.387459,0.391527,0.605833,-0.574063
1681748724366877079,-26.4183,49.8365,-0.538225,-0.385599,0.384887,0.605741,-0.579873
1681748724600374699,-26.5713,49.7763,-0.533374,-0.364265,0.381335,0.612435,-0.588912
1681748724833872080,-26.7317,49.7339,-0.546655,-0.340414,0.370226,0.622797,-0.599313
1681748725067368984,-26.8907,49.7075,-0.534731,-0.337223,0.354515,0.622598,-0.610714
1681748725300872564,-27.0252,49.6797,-0.532094,-0.334146,0.36165,0.629911,-0.60064
1681748725534386158,-27.153,49.6238,-0.547962,-0.330588,0.350824,0.633042,-0.605716
1681748725767900229,-27.2724,49.534,-0.553773,-0.324127,0.334018,0.635196,-0.616361
1681748726001414299,-27.3896,49.4391,-0.537081,-0.318026,0.312807,0.632935,-0.632775
1681748726234926939,-27.5124,49.3721,-0.553041,-0.29534,0.304637,0.643442,-0.637144
1681748726468428135,-27.6387,49.3384,-0.565177,-0.288684,0.288397,0.650867,-0.640203
1681748726701928854,-27.748,49.3186,-0.556518,-0.284011,0.274012,0.657982,-0.641338
1681748726935429335,-27.8406,49.2787,-0.575109,-0.269619,0.263236,0.67253,-0.636958
1681748727168929338,-27.9445,49.2226,-0.600796,-0.277783,0.261809,0.671531,-0.63509
1681748727402438641,-28.0556,49.1472,-0.591931,-0.289336,0.261139,0.661546,-0.640662
1681748727635950089,-28.165,49.0906,-0.587925,-0.295786,0.27191,0.661714,-0.633017
1681748727869462252,-28.2718,49.0465,-0.603991,-0.288355,0.260614,0.663251,-0.639555
1681748728102974892,-28.3993,49.0156,-0.611837,-0.2887,0.242702,0.667677,-0.641837
1681748728336477041,-28.5299,48.9856,-0.607262,-0.28508,0.239916,0.676269,-0.635476
1681748728569970369,-28.6262,48.9499,-0.622581,-0.269863,0.247964,0.685743,-0.628844
1681748728803463221,-28.7006,48.8924,-0.639861,-0.265058,0.246859,0.687103,-0.629836
1681748729036955595,-28.7814,48.8145,-0.645747,-0.275714,0.2552,0.686364,-0.622703
1681748729270457268,-28.8431,48.7389,-0.635651,-0.279881,0.252993,0.676302,-0.632674
1681748729503985643,-28.9057,48.6814,-0.638999,-0.275491,0.25168,0.679608,-0.631581
1681748729737515450,-28.9757,48.6436,-0.647267,-0.279406,0.250039,0.676926,-0.633391
1681748729971046686,-29.0439,48.629,-0.642238,-0.281922,0.256755,0.675649,-0.630948
1681748730204579115,-29.1033,48.6184,-0.639696,-0.288083,0.260284,0.674192,-0.628273
1681748730438073158,-29.1523,48.5953,-0.639303,-0.291023,0.259614,0.671116,-0.630483
1681748730671567202,-29.2018,48.5582,-0.648766,-0.300227,0.273421,0.671869,-0.619433
1681748730905060530,-29.2682,48.5141,-0.654747,-0.312001,0.310801,0.669631,-0.598041
1681748731138553619,-29.3167,48.4771,-0.651743,-0.347596,0.333363,0.652636,-0.584904
1681748731372042656,-29.3478,48.481,-0.653935,-0.367811,0.358545,0.643123,-0.567937
1681748731605529308,-29.3758,48.5005,-0.654726,-0.386328,0.374669,0.630594,-0.559218
1681748731839015007,-29.4022,48.5364,-0.654516,-0.402424,0.392958,0.622481,-0.544202
1681748732072499514,-29.428,48.574,-0.653772,-0.419174,0.404152,0.61661,-0.529855
1681748732305989504,-29.4567,48.6289,-0.658207,-0.421946,0.433741,0.611593,-0.50969
1681748732539487123,-29.4815,48.6901,-0.660796,-0.424699,0.457269,0.606193,-0.493017
1681748732772984505,-29.4994,48.7464,-0.650124,-0.432669,0.463861,0.596667,-0.491548
1681748733006481647,-29.5043,48.7713,-0.6305,-0.441989,0.46445,0.587892,-0.49327
1681748733239980221,-29.51,48.8093,-0.611247,-0.445538,0.469647,0.580389,-0.494041
1681748733473487616,-29.5185,48.8512,-0.598527,-0.451693,0.481466,0.573505,-0.485031
1681748733706994772,-29.5218,48.8965,-0.595052,-0.454222,0.501081,0.563689,-0.474189
1681748733940502405,-29.5268,48.9277,-0.585699,-0.455787,0.515004,0.557119,-0.465454
1681748734174010515,-29.5304,48.954,-0.573948,-0.47029,0.518838,0.549198,-0.456087
1681748734407519341,-29.5389,48.9853,-0.564641,-0.47706,0.528066,0.540979,-0.44822
1681748734641028881,-29.5534,49.0286,-0.562186,-0.478566,0.548973,0.526367,-0.438795
1681748734874538898,-29.59,49.0855,-0.564063,-0.486091,0.570212,0.508621,-0.42412
1681748735108049154,-29.6598,49.1324,-0.564006,-0.484286,0.583447,0.499531,-0.418958
1681748735341556072,-29.7592,49.1912,-0.555228,-0.482245,0.583567,0.496656,-0.424525
1681748735575060606,-29.8536,49.2616,-0.541042,-0.480933,0.574908,0.503519,-0.429713
1681748735808564901,-29.9411,49.3388,-0.529778,-0.47481,0.585468,0.503105,-0.422691
1681748736042069197,-30.0379,49.4188,-0.518486,-0.473166,0.591038,0.492048,-0.429741
1681748736275571585,-30.1785,49.486,-0.502583,-0.477845,0.584403,0.489177,-0.436856
1681748736509069204,-30.3206,49.5518,-0.454405,-0.49411,0.565329,0.48637,-0.446881
1681748736742566109,-30.4597,49.6283,-0.433831,-0.493167,0.567266,0.487183,-0.444577
1681748736976062775,-30.6105,49.7339,-0.421737,0.511429,-0.556321,-0.483767,0.441494
1681748737209558725,-30.7701,49.8288,-0.376902,0.510608,-0.546148,-0.494208,0.443577
1681748737443057060,-30.9238,49.8943,-0.357545,-0.496922,0.547561,0.498957,-0.451981
1681748737676554918,-31.0957,49.9358,-0.332298,0.509432,-0.534979,-0.484636,0.468406
1681748737910052299,-31.2765,49.955,-0.291425,0.522541,-0.514547,-0.48359,0.477842
1681748738143548965,-31.4447,49.9756,-0.286845,-0.487677,0.512284,0.499316,-0.500419
1681748738377042770,-31.6113,50.0284,-0.275351,0.508334,-0.496278,-0.496646,0.498646
1681748738610534668,-31.7694,50.0712,-0.262094,-0.49905,0.5014,0.509577,-0.489774
1681748738844026327,-31.9274,50.0964,-0.259486,-0.492134,0.511272,0.503965,-0.492366
1681748739077517271,-32.0951,50.1246,-0.245519,0.512535,-0.507289,-0.492511,0.487235
1681748739311012745,-32.2468,50.1114,-0.22961,0.507565,-0.505102,-0.496393,0.490758
1681748739544514418,-32.3842,50.1089,-0.224039,0.495419,-0.501372,-0.494998,0.508098
1681748739778016329,-32.5116,50.126,-0.207826,0.50732,-0.482858,-0.490929,0.518134
1681748740011517763,-32.6477,50.1419,-0.192033,0.50725,-0.485105,-0.493267,0.513866
1681748740245019674,-32.7985,50.1752,-0.205211,0.50823,-0.497874,-0.493977,0.499811
1681748740478524446,-32.9311,50.1391,-0.206263,0.517479,-0.498386,-0.491413,0.492281
1681748740712028980,-33.0556,50.1058,-0.196568,0.50449,-0.504386,-0.498536,0.492491
1681748740945533752,-33.2299,50.1228,-0.180062,0.503353,-0.493662,-0.502867,0.500059
1681748741179038048,-33.4018,50.1535,-0.167227,0.507942,-0.483117,-0.510233,0.498252
1681748741412548780,-33.5719,50.1854,-0.150974,0.516506,-0.489787,-0.50242,0.49082
1681748741646061420,-33.7459,50.2132,-0.151218,0.524559,-0.501347,-0.488414,0.484707
1681748741879575014,-33.9082,50.2203,-0.154201,0.520309,-0.515914,-0.497059,0.464805
1681748742113089323,-34.0528,50.2336,-0.13795,0.508937,-0.518613,-0.493891,0.477594
1681748742347513437,-34.1964,50.2872,-0.119571,0.517604,-0.507878,-0.485129,0.488667
1681748742583767653,-34.3372,50.3459,-0.1029,0.528209,-0.504821,-0.482929,0.482629
1681748742820140839,-34.4617,50.39,-0.110151,0.522127,-0.522886,-0.478603,0.47425
1681748743056633711,-34.5848,50.4062,-0.111685,0.53104,-0.522029,-0.471057,0.472849
1681748743293039799,-34.7144,50.3999,-0.111899,0.525621,-0.53045,-0.474458,0.466084
1681748743526263714,-34.8303,50.3955,-0.0980698,0.529375,-0.531042,-0.466407,0.469276
1681748743759471178,-34.934,50.4097,-0.105472,0.526286,-0.532113,-0.468979,0.468975
1681748743992662430,-35.061,50.4455,-0.117353,0.517496,-0.543745,-0.47476,0.459502
1681748744225836992,-35.1742,50.4682,-0.109848,0.523137,-0.541155,-0.473878,0.457076
1681748744459057570,-35.2705,50.4933,-0.109193,0.526549,-0.539148,-0.478071,0.451125
1681748744692268610,-35.3524,50.498,-0.110003,0.527482,-0.537981,-0.476736,0.452838
1681748744925462961,-35.4016,50.4613,-0.108748,0.527809,-0.533796,-0.474752,0.459445
1681748745158640385,-35.4346,50.4378,-0.109167,0.527947,-0.53202,-0.469404,0.466782
1681748745391845703,-35.477,50.4276,-0.123193,0.527437,-0.533099,-0.469568,0.465963
1681748745625082970,-35.5179,50.4288,-0.136777,0.528848,-0.536017,-0.465193,0.465405
1681748745858305216,-35.5702,50.4404,-0.151305,0.527136,-0.542582,-0.463088,0.461825
1681748746091512442,-35.6121,50.4557,-0.161516,0.523625,-0.549263,-0.461492,0.459512
1681748746324715137,-35.6688,50.4815,-0.162303,0.525565,-0.551351,-0.45758,0.45871
1681748746557934284,-35.7565,50.5188,-0.159731,0.525167,-0.547138,-0.458878,0.462893
1681748746791136742,-35.8644,50.5705,-0.154086,0.523606,-0.541898,-0.467639,0.462057
1681748747024322271,-35.9749,50.6154,-0.150298,0.517854,-0.541961,-0.473531,0.462466
1681748747257484674,-36.0991,50.6454,-0.155543,0.518119,-0.537165,-0.479042,0.462088
1681748747490732193,-36.2503,50.6549,-0.166009,0.5177,-0.536371,-0.480698,0.461761
1681748747723964214,-36.4143,50.6528,-0.156684,0.511991,-0.549184,-0.471527,0.462519
1681748747957180262,-36.5783,50.6581,-0.139935,0.518535,-0.548135,-0.463384,0.464698
1681748748190380573,-36.76,50.6727,-0.135598,0.522119,-0.542871,-0.461449,0.468772
1681748748423595905,-36.9568,50.6941,-0.119745,0.521813,-0.536013,-0.46286,0.475565
1681748748656810284,-37.1449,50.7049,-0.108362,0.52497,-0.536131,-0.469389,0.46545
1681748748890008211,-37.3343,50.6944,-0.113892,0.534126,-0.532889,-0.469761,0.458327
1681748749123189449,-37.5213,50.6681,-0.109983,0.531691,-0.541961,-0.4594,0.461014
1681748749356386185,-37.6977,50.6502,-0.0976751,0.536198,-0.542953,-0.456964,0.457032
1681748749589625359,-37.8742,50.6498,-0.10718,0.533767,-0.543368,-0.459466,0.456876
1681748749822849035,-38.0594,50.6604,-0.108402,0.53198,-0.536839,-0.461234,0.464828
1681748750056057215,-38.2455,50.665,-0.0898839,0.538889,-0.527731,-0.465734,0.462808
1681748750289254904,-38.4396,50.654,-0.089111,0.540407,-0.523821,-0.466103,0.465102
1681748750522504807,-38.65,50.6274,-0.0809698,0.54306,-0.524315,-0.453551,0.473784
1681748750755739927,-38.8544,50.6083,-0.062424,0.539665,-0.531716,-0.447897,0.474793
1681748750988959551,-39.0525,50.6123,-0.0717448,0.532169,-0.542624,-0.450379,0.468523
1681748751222164154,-39.2551,50.6357,-0.0780169,0.537243,-0.540169,-0.447131,0.468681
1681748751455393791,-39.4536,50.6507,-0.0727319,0.539401,-0.538126,-0.450936,0.464891
1681748751688618660,-39.659,50.6505,-0.0839067,0.543633,-0.540734,-0.454314,0.453507
1681748751921827793,-39.869,50.6302,-0.103179,0.537135,-0.549069,-0.451363,0.454182
1681748752155021191,-40.0737,50.6158,-0.107796,0.533501,-0.559473,-0.447498,0.449569
1681748752388234377,-40.2784,50.6193,-0.126442,0.530839,-0.563725,-0.450749,0.444127
1681748752621468067,-40.5173,50.6455,-0.133758,0.541453,-0.549122,-0.449402,0.450923
1681748752854685783,-40.7283,50.6544,-0.126882,0.550365,-0.538558,-0.452097,0.45018
1681748753087888002,-40.9452,50.6532,-0.148379,0.547723,-0.541661,-0.462734,0.438725
1681748753321089983,-41.1734,50.6396,-0.165032,0.538128,-0.548803,-0.464645,0.439703
1681748753554331064,-41.3911,50.63,-0.159159,0.537758,-0.54842,-0.456589,0.448974
1681748753787556410,-41.6004,50.64,-0.175002,0.527654,-0.556087,-0.459487,0.448576
1681748754020766020,-41.8283,50.671,-0.185679,0.531804,-0.552516,-0.456633,0.450995
1681748754253956318,-42.0494,50.687,-0.177576,0.530311,-0.549551,-0.461739,0.451178
1681748754487195969,-42.2727,50.6932,-0.18837,0.5352,-0.546212,-0.465207,0.445864
1681748754720419645,-42.5,50.6866,-0.201385,0.535133,-0.552342,-0.460794,0.442968
1681748754953627110,-42.7163,50.678,-0.191861,0.523741,-0.563855,-0.457885,0.445089
1681748755186818600,-42.9248,50.6896,-0.188376,0.529368,-0.56066,-0.453122,0.447337
1681748755420036316,-43.1481,50.715,-0.193365,0.536965,-0.547579,-0.454556,0.452995
1681748755653261423,-43.3707,50.7443,-0.18689,0.533281,-0.549233,-0.466807,0.44277
1681748755886470318,-43.586,50.7623,-0.190714,0.537754,-0.546012,-0.468617,0.43942
1681748756119663239,-43.8091,50.7718,-0.194917,0.543656,-0.541782,-0.462657,0.443688
1681748756352869034,-44.0245,50.7697,-0.17832,0.540974,-0.546192,-0.458923,0.445434
1681748756586112261,-44.2403,50.7935,-0.182224,0.538419,-0.544244,-0.456878,0.452952
1681748756819339991,-44.4563,50.8244,-0.191542,0.536307,-0.539843,-0.461377,0.456152
1681748757052552700,-44.6639,50.8519,-0.189372,0.537992,-0.536462,-0.466079,0.453369
1681748757285754204,-44.8652,50.8582,-0.203433,0.536761,-0.5403,-0.472272,0.443759
1681748757519001722,-45.0724,50.8408,-0.216167,0.538349,-0.543481,-0.465995,0.444586
1681748757752233744,-45.2726,50.8193,-0.200203,0.535029,-0.545726,-0.464246,0.447664
1681748757985450506,-45.468,50.8146,-0.193654,0.532937,-0.542945,-0.462207,0.45558
1681748758218651295,-45.6656,50.8292,-0.195517,0.534892,-0.534512,-0.462973,0.462432
1681748758453051567,-45.8556,50.8427,-0.185808,0.536869,-0.527494,-0.46417,0.466978
1681748758687913418,-46.0529,50.8477,-0.199735,0.533814,-0.531455,-0.470355,0.459743
1681748758922895193,-46.2595,50.84,-0.210154,0.537602,-0.535514,-0.461196,0.459898
1681748759157997131,-46.456,50.8349,-0.19935,0.531295,-0.544274,-0.455196,0.462913
1681748759392362833,-46.6533,50.8405,-0.199721,0.529056,-0.544411,-0.455727,0.46479
1681748759625868559,-46.8466,50.8689,-0.201471,0.532618,-0.533779,-0.455528,0.473173
1681748759859374762,-47.0365,50.8893,-0.190402,0.53203,-0.526599,-0.460446,0.477104
1681748760092880726,-47.2205,50.9052,-0.196628,0.53065,-0.52799,-0.466144,0.471537
1681748760326386452,-47.4172,50.8938,-0.202159,0.543482,-0.523588,-0.455244,0.472479
1681748760559892893,-47.6103,50.8849,-0.198927,0.539522,-0.535026,-0.44899,0.470182
1681748760793399096,-47.773,50.9031,-0.211899,0.541441,-0.53543,-0.449506,0.467013
1681748761026905298,-47.9694,50.9204,-0.229231,0.544027,-0.528179,-0.450043,0.471723
1681748761260412931,-48.187,50.9276,-0.233296,0.538022,-0.528745,-0.46185,0.466537
1681748761493906260,-48.4011,50.9272,-0.239709,0.542346,-0.530864,-0.461638,0.459275
1681748761727399349,-48.6131,50.9066,-0.249101,0.541853,-0.536929,-0.454869,0.459562
1681748761960892439,-48.8089,50.875,-0.239316,0.541,-0.540347,-0.44966,0.461682
1681748762194384575,-49.0027,50.8676,-0.242984,0.537029,-0.542757,-0.452379,0.460833
1681748762427884102,-49.198,50.8775,-0.244844,0.538884,-0.536058,-0.451797,0.46704
1681748762661387682,-49.3951,50.8878,-0.231346,0.538455,-0.53234,-0.458741,0.465013
1681748762894891024,-49.5915,50.8935,-0.23049,0.539508,-0.535011,-0.463559,0.455859
1681748763128394127,-49.7866,50.8768,-0.247674,0.54165,-0.541845,-0.456587,0.45227
1681748763361900568,-49.9811,50.8591,-0.237828,0.534232,-0.545834,-0.454108,0.458745
1681748763595414639,-50.1759,50.8562,-0.226572,0.535,-0.539678,-0.45263,0.466528
1681748763828929186,-50.3654,50.8779,-0.230551,0.545676,-0.531303,-0.444842,0.471243
1681748764062444687,-50.5473,50.8997,-0.218887,0.547716,-0.526796,-0.445582,0.473234
1681748764295959473,-50.7138,50.9037,-0.222583,0.557736,-0.518663,-0.44509,0.470971
1681748764529458046,-50.908,50.9059,-0.240957,0.556133,-0.533432,-0.437905,0.463039
1681748764762956142,-51.0877,50.905,-0.239754,0.551846,-0.546185,-0.426643,0.463814
1681748764996453524,-51.2552,50.8916,-0.24446,0.555875,-0.53489,-0.426421,0.472293
1681748765229950666,-51.4434,50.913,-0.261234,0.550391,-0.530298,-0.435111,0.475954
1681748765463449955,-51.6214,50.9322,-0.26103,0.548222,-0.527684,-0.441363,0.475606
1681748765696949720,-51.7869,50.9258,-0.268342,0.558722,-0.520248,-0.440455,0.472409
1681748765930449486,-51.9478,50.9059,-0.267028,0.562175,-0.523087,-0.430608,0.474253
1681748766163949013,-52.1176,50.8698,-0.269336,0.56314,-0.533202,-0.420626,0.470789
1681748766397446394,-52.291,50.8439,-0.294356,0.557377,-0.540846,-0.42709,0.463046
1681748766630941868,-52.4722,50.828,-0.309335,0.560464,-0.532688,-0.428003,0.467907
1681748766864437103,-52.6491,50.8237,-0.307364,0.557087,-0.530475,-0.431949,0.470819
1681748767097931862,-52.8262,50.8109,-0.323474,0.563205,-0.528742,-0.428938,0.468236
1681748767331427336,-53.0354,50.8011,-0.353257,0.558216,-0.543604,-0.422076,0.463402
1681748767564924002,-53.2387,50.7725,-0.364355,0.559546,-0.554261,-0.413335,0.45701
1681748767798420429,-53.4288,50.7553,-0.378534,0.572106,-0.548736,-0.407894,0.452997
1681748768031916142,-53.6345,50.7693,-0.406401,0.568121,-0.553061,-0.414376,0.446826
1681748768265410900,-53.8277,50.7739,-0.417982,0.567197,-0.54734,-0.422663,0.447284
1681748768498915911,-54.0136,50.7626,-0.440275,0.569467,-0.546781,-0.428498,0.439464
1681748768732420921,-54.2176,50.7359,-0.461137,0.57775,-0.54977,-0.422534,0.430608
1681748768965925932,-54.4268,50.6909,-0.478732,0.570782,-0.564201,-0.413679,0.429831
1681748769199431181,-54.6195,50.671,-0.486553,0.570379,-0.570812,-0.40842,0.426655
1681748769432938099,-54.8093,50.6689,-0.498745,0.571088,-0.570835,-0.407424,0.426627
1681748769666445255,-54.9915,50.678,-0.488541,0.575315,-0.569507,-0.402312,0.427574
1681748769899953127,-55.1545,50.6831,-0.480905,0.590285,-0.56238,-0.39936,0.41929
1681748770133460999,-55.3223,50.6806,-0.500716,0.586454,-0.578515,-0.403017,0.39871
1681748770366967440,-55.4956,50.6612,-0.507385,0.583041,-0.594767,-0.384769,0.397829
1681748770600471497,-55.6548,50.6364,-0.497147,0.594361,-0.595679,-0.371699,0.392099
1681748770833975077,-55.8058,50.6205,-0.499772,0.598585,-0.593935,-0.367085,0.392666
1681748771067478895,-55.9603,50.6252,-0.506933,0.606662,-0.593031,-0.35964,0.388502
1681748771300982475,-56.1197,50.6388,-0.508851,0.603298,-0.606766,-0.352374,0.379077
1681748771534480333,-56.2936,50.6499,-0.514423,0.607896,-0.616727,-0.350296,0.356937
1681748771767977476,-56.438,50.6374,-0.519974,0.609632,-0.630012,-0.336563,0.343743
1681748772001474380,-56.5733,50.615,-0.507111,0.622239,-0.636244,-0.310963,0.333637
1681748772234970808,-56.7121,50.6027,-0.510205,0.621202,-0.644598,-0.308543,0.321564
1681748772468472004,-56.8527,50.6019,-0.515759,0.62983,-0.639131,-0.301734,0.322152
1681748772701974630,-56.9827,50.6198,-0.519555,0.62707,-0.649234,-0.290686,0.317457
1681748772935477495,-57.1141,50.6447,-0.511119,0.628686,-0.654275,-0.287532,0.306599
1681748773168980122,-57.2311,50.6558,-0.513742,0.637391,-0.655934,-0.279073,0.292577
1681748773402481318,-57.3908,50.6528,-0.515041,0.63199,-0.666538,-0.269484,0.289299
1681748773635979891,-57.5375,50.6544,-0.516338,0.620211,-0.684232,-0.254313,0.28721
1681748773869478941,-57.6687,50.6621,-0.531793,0.614204,-0.690769,-0.25743,0.281641
1681748774102977514,-57.807,50.686,-0.543375,0.615098,-0.688163,-0.260479,0.28326
1681748774336475372,-57.9385,50.72,-0.550815,0.611639,-0.690144,-0.258486,0.287722
1681748774569968224,-58.1031,50.7617,-0.539421,0.617148,-0.682111,-0.268393,0.286038
1681748774803460598,-58.2684,50.8003,-0.537778,0.617932,-0.67979,-0.277394,0.281246
1681748775036952972,-58.4253,50.8307,-0.538708,0.612175,-0.679463,-0.285404,0.28656
1681748775270444393,-58.5964,50.8678,-0.524239,0.610287,-0.678535,-0.274436,0.303025
1681748775503939152,-58.7472,50.9208,-0.519145,0.606156,-0.686762,-0.275216,0.291871
1681748775737433910,-58.8766,50.9941,-0.506263,0.612589,-0.67557,-0.277332,0.302368
1681748775970927954,-59.0169,51.0844,-0.503608,0.609689,-0.670382,-0.286558,0.31105
1681748776204422235,-59.1459,51.155,-0.507417,0.587226,-0.676902,-0.306854,0.320639
1681748776437913895,-59.2865,51.2146,-0.502671,0.595274,-0.664918,-0.3096,0.328146
1681748776671404123,-59.4444,51.2744,-0.492493,0.596415,-0.662371,-0.30555,0.334953
1681748776904894352,-59.5807,51.332,-0.468363,0.598713,-0.656665,-0.302858,0.3444
1681748777138384342,-59.7328,51.4126,-0.458285,0.591477,-0.651027,-0.31569,0.355891
1681748777371876478,-59.8754,51.518,-0.452465,0.58232,-0.637295,-0.343109,0.370183
1681748777605372429,-59.9797,51.6025,-0.441511,0.572287,-0.631289,-0.363864,0.37625
1681748777838867903,-60.1267,51.6863,-0.436807,0.568072,-0.622704,-0.374398,0.386471
1681748778072363138,-60.2984,51.7456,-0.432077,0.566054,-0.610305,-0.385229,0.398384
1681748778305858850,-60.4616,51.7905,-0.406339,0.571443,-0.602491,-0.382729,0.40494
1681748778539371729,-60.6131,51.8345,-0.392415,0.562751,-0.599651,-0.393604,0.41086
1681748778772885561,-60.7711,51.8892,-0.385671,0.559888,-0.588872,-0.402188,0.421901
1681748779006399632,-60.9342,51.9275,-0.370368,0.556281,-0.576885,-0.413839,0.431848
1681748779239914656,-61.0989,51.9665,-0.361579,0.550031,-0.573747,-0.426799,0.43142
1681748779473431110,-61.2793,51.9964,-0.367703,0.549282,-0.572089,-0.429821,0.431576
1681748779706948757,-61.4667,52.0203,-0.353501,0.548119,-0.574429,-0.419757,0.439774
1681748779940467119,-61.6446,52.0407,-0.33872,0.548744,-0.570568,-0.419804,0.443957
1681748780173986435,-61.8199,52.079,-0.334073,0.542577,-0.56712,-0.426376,0.449655
1681748780407502651,-62.0042,52.1251,-0.31914,0.545119,-0.556985,-0.424071,0.461277
1681748780641016006,-62.1844,52.1768,-0.308997,0.538545,-0.560684,-0.431898,0.457239
1681748780874530315,-62.3762,52.2196,-0.311539,0.538006,-0.55941,-0.439814,0.451856
1681748781108044863,-62.5699,52.2585,-0.311018,0.530227,-0.562684,-0.434057,0.462427
1681748781341557980,-62.7481,52.3133,-0.295266,0.530085,-0.560194,-0.435023,0.464702
1681748781575062990,-62.9553,52.3721,-0.298222,0.517782,-0.557017,-0.451373,0.466794
1681748781808568001,-63.1451,52.45,-0.295119,0.50715,-0.545745,-0.468499,0.474837
1681748782042073250,-63.3229,52.5173,-0.282946,0.503824,-0.537772,-0.478613,0.477381
1681748782275578976,-63.5019,52.6042,-0.289887,0.501695,-0.540168,-0.485105,0.470313
1681748782509081364,-63.684,52.6757,-0.289304,-0.499058,0.540285,0.482034,-0.476104
1681748782742583513,-63.8472,52.7232,-0.256698,0.504058,-0.532702,-0.474936,0.486405
1681748782976085424,-64.0125,52.7997,-0.248289,-0.499774,0.523304,0.482601,-0.493433
1681748783209587097,-64.1756,52.8989,-0.248395,-0.493406,0.507444,0.498609,-0.500441
1681748783443088293,-64.3355,52.9637,-0.232542,-0.486029,0.494351,0.512566,-0.506625
1681748783676589251,-64.4936,53.052,-0.229617,-0.474936,0.493147,0.521326,-0.509373
1681748783910089970,-64.6788,53.1051,-0.231137,-0.4693,0.491011,0.520062,-0.517882
1681748784143590689,-64.8416,53.1592,-0.205598,0.471611,-0.485389,-0.50842,0.532437
1681748784377092123,-65.0055,53.2137,-0.196827,0.46246,-0.481282,-0.519766,0.533237
1681748784610595226,-65.1746,53.2596,-0.195441,0.453022,-0.462976,-0.532826,0.544538
1681748784844098568,-65.3323,53.3032,-0.177697,0.442851,-0.43744,-0.549627,0.557171
1681748785077602148,-65.4779,53.3272,-0.17419,0.43337,-0.432992,-0.557341,0.560428
1681748785311106682,-65.6344,53.3247,-0.186751,-0.418483,0.421864,0.576922,-0.560414
1681748785544622421,-65.7811,53.3057,-0.182277,-0.402996,0.403047,0.588908,-0.573005
1681748785778138638,-65.8853,53.2771,-0.159496,-0.375516,0.38801,0.60394,-0.586253
1681748786011656046,-65.986,53.252,-0.156755,-0.347361,0.353413,0.622278,-0.605978
1681748786245173931,-66.1132,53.2498,-0.147069,-0.323704,0.310368,0.638758,-0.625201
1681748786478681564,-66.2248,53.2493,-0.14041,-0.295089,0.281258,0.65926,-0.631818
1681748786712187290,-66.332,53.2154,-0.145475,-0.272142,0.25504,0.66732,-0.644653
1681748786945692778,-66.4183,53.1529,-0.155817,-0.247214,0.226451,0.679692,-0.652399
1681748787179198742,-66.481,53.0882,-0.15809,-0.224385,0.202442,0.688995,-0.658752
1681748787412701607,-66.5523,53.0199,-0.162778,-0.19678,0.181999,0.699544,-0.662414
1681748787646201849,-66.6324,52.9589,-0.174689,-0.175349,0.154775,0.707716,-0.66666
1681748787879702091,-66.7014,52.8953,-0.172704,-0.154042,0.131338,0.719422,-0.664419
1681748788113202095,-66.754,52.8144,-0.172176,-0.140719,0.1181,0.719041,-0.670246
1681748788346701860,-66.7939,52.6968,-0.187503,-0.129091,0.113253,0.720465,-0.671893
1681748788580199718,-66.8297,52.56,-0.186158,-0.118257,0.113672,0.722766,-0.671344
1681748788813697338,-66.8722,52.413,-0.181303,-0.113187,0.10161,0.722152,-0.674804
1681748789047194481,-66.9332,52.2468,-0.193773,-0.104308,0.0882228,0.727583,-0.67228
1681748789280691624,-67.0003,52.0871,-0.194655,-0.0890601,0.0754276,0.72833,-0.675214
1681748789514191389,-67.0492,51.9239,-0.19499,-0.0820715,0.0614192,0.732959,-0.672505
1681748789747690678,-67.083,51.7399,-0.208529,-0.0724295,0.0498642,0.730398,-0.677337
1681748789981189966,-67.1042,51.5394,-0.213198,-0.0587507,0.0527199,0.728472,-0.680512
1681748790214688778,-67.1189,51.3445,-0.205423,-0.0587353,0.052998,0.728944,-0.679987
1681748790448193550,-67.1351,51.1396,-0.216786,-0.0624206,0.056259,0.73072,-0.677486
1681748790681701422,-67.1607,50.9324,-0.221926,-0.0603412,0.0624438,0.728623,-0.679388
1681748790915209532,-67.1628,50.7306,-0.213082,-0.0543702,0.05436,0.731503,-0.677489
1681748791148717642,-67.1589,50.5269,-0.215349,-0.0655138,0.0475935,0.722085,-0.687049
1681748791382222652,-67.1568,50.3241,-0.213032,-0.0673316,0.0658606,0.715104,-0.692644
1681748791615723133,-67.1562,50.1311,-0.205854,-0.0640942,0.0651807,0.717453,-0.690583
1681748791849223137,-67.1686,49.9315,-0.221076,-0.0584315,0.0582549,0.719452,-0.689624
1681748792082722902,-67.195,49.7203,-0.227936,-0.0556455,0.0496237,0.720395,-0.689545
1681748792316221476,-67.2118,49.5108,-0.226978,-0.0553353,0.0426471,0.724309,-0.685927
1681748792549709082,-67.2106,49.2946,-0.247319,-0.0534362,0.0359389,0.726454,-0.684191
1681748792783195496,-67.2041,49.0734,-0.257102,-0.0480424,0.0478936,0.729443,-0.68067
1681748793016681194,-67.2139,48.8637,-0.25041,-0.0574551,0.0522551,0.724065,-0.685345
1681748793250165462,-67.2495,48.6459,-0.26339,-0.0506623,0.0512138,0.725488,-0.684454
1681748793483667612,-67.2984,48.4274,-0.258604,-0.0498107,0.0440994,0.722988,-0.68765
1681748793717174292,-67.3395,48.2181,-0.254026,-0.0583261,0.0380563,0.720091,-0.690376
1681748793950680733,-67.3559,47.9864,-0.276258,-0.0608646,0.0364515,0.719855,-0.690489
1681748794184187174,-67.3675,47.7616,-0.275675,-0.0527777,0.0438129,0.720158,-0.690411
1681748794417692900,-67.3811,47.543,-0.279007,-0.0547101,0.0473447,0.722963,-0.687088
1681748794651198149,-67.4137,47.3089,-0.302327,-0.0520657,0.0507132,0.726008,-0.683835
1681748794884703875,-67.4521,47.0731,-0.307799,-0.0484914,0.0524517,0.733712,-0.675696
1681748795118209362,-67.472,46.8582,-0.303097,-0.0563296,0.0413304,0.7306,-0.679222
1681748795351716280,-67.4788,46.6408,-0.316009,-0.0635738,0.040914,0.723019,-0.686679
1681748795585226536,-67.4888,46.4123,-0.304026,-0.0655295,0.0512939,0.719053,-0.689955
1681748795818737268,-67.5094,46.1763,-0.302593,-0.0748649,0.0519398,0.714771,-0.693398
1681748796052248478,-67.5445,45.9208,-0.323026,-0.0726215,0.0437628,0.719985,-0.68879
1681748796285760403,-67.5786,45.6799,-0.323589,-0.064761,0.0456866,0.719375,-0.690086
1681748796519269228,-67.5946,45.438,-0.334568,-0.060626,0.0426697,0.718338,-0.691733
1681748796752778530,-67.5926,45.1906,-0.367934,-0.0522305,0.0511798,0.724785,-0.685083
1681748796986288309,-67.5928,44.9436,-0.356003,-0.0548403,0.0570732,0.720771,-0.688639
1681748797219798326,-67.6175,44.7057,-0.352588,0.0630607,-0.0582627,-0.704153,0.704839
1681748797453298330,-67.6696,44.448,-0.36467,-0.0586705,0.0562769,0.712528,-0.696918
1681748797686792850,-67.7234,44.196,-0.360612,-0.0603011,0.045738,0.711942,-0.698148
1681748797920287132,-67.7538,43.9442,-0.394456,-0.0550504,0.0442546,0.73311,-0.676433
1681748798153780699,-67.786,43.6903,-0.409609,-0.0624551,0.0560445,0.729463,-0.678854
1681748798387275696,-67.8196,43.4423,-0.401534,-0.0706224,0.0604666,0.720021,-0.687696
1681748798620771885,-67.8747,43.1925,-0.421108,-0.0642543,0.0603258,0.717683,-0.69077
1681748798854268074,-67.9499,42.9405,-0.431058,-0.0637655,0.0566204,0.716539,-0.692315
1681748799087764263,-68.0051,42.6813,-0.431714,-0.0563377,0.05635,0.717025,-0.692478
1681748799321260929,-68.036,42.4153,-0.454417,-0.0586186,0.0515158,0.718466,-0.69117
1681748799554768324,-68.0638,42.1645,-0.463179,-0.068791,0.0604895,0.720082,-0.687816
1681748799788276196,-68.1044,41.9374,-0.472575,-0.0682066,0.0665561,0.720665,-0.686703
1681748800021783590,-68.1508,41.68,-0.483428,-0.0514387,0.0601458,0.71101,-0.698714
1681748800255291700,-68.1929,41.4212,-0.471482,0.04847,-0.0514254,-0.701534,0.709124
1681748800488797665,-68.2228,41.1752,-0.500575,-0.0484477,0.050787,0.707741,-0.702977
1681748800722302914,-68.2346,40.9164,-0.528494,-0.057521,0.0616677,0.710803,-0.698317
1681748800955808640,-68.2568,40.6743,-0.537348,-0.0633841,0.0672857,0.717208,-0.690701
1681748801189313889,-68.2849,40.4379,-0.55838,-0.0576077,0.0634254,0.711843,-0.697092
1681748801422817707,-68.3192,40.1977,-0.578448,-0.0557789,0.0545903,0.70745,-0.702441
1681748801656319618,-68.3507,39.9467,-0.596658,-0.0463677,0.0504768,0.717389,-0.693293
1681748801889821529,-68.3575,39.6998,-0.631331,-0.0533908,0.049583,0.718378,-0.691826
1681748802123323679,-68.3548,39.4511,-0.638442,-0.0594696,0.0628151,0.715721,-0.693008
1681748802356827021,-68.3636,39.2237,-0.642245,-0.0596793,0.0690129,0.716761,-0.691325
1681748802590332508,-68.3919,38.9999,-0.663933,-0.0586655,0.066107,0.705859,-0.702817
1681748802823838234,-68.4349,38.7682,-0.676498,-0.0553287,0.0598962,0.714438,-0.694931
1681748803057343960,-68.4588,38.5558,-0.693873,-0.0589349,0.0523676,0.712024,-0.697715
1681748803290850163,-68.4675,38.3158,-0.717719,-0.0577825,0.0520646,0.713957,-0.695856
1681748803524358988,-68.4872,38.088,-0.713612,-0.0611479,0.0534482,0.7121,-0.697365
1681748803757868052,-68.5099,37.8635,-0.726676,-0.0636072,0.051947,0.711629,-0.697739
1681748803991377354,-68.5192,37.6459,-0.741574,0.0643577,-0.0376324,-0.693924,0.716179
1681748804224886894,-68.5338,37.4179,-0.74621,0.0577358,-0.0414558,-0.699832,0.710762
1681748804458389759,-68.5277,37.186,-0.776929,0.0695062,-0.045249,-0.696274,0.712969
1681748804691888809,-68.5161,36.9481,-0.79183,0.071889,-0.0660702,-0.695962,0.711409
1681748804925387859,-68.5124,36.6958,-0.801567,0.0804798,-0.0651114,-0.696963,0.709596
1681748805158886433,-68.5295,36.4345,-0.826851,0.0829429,-0.0649202,-0.696378,0.709904
1681748805392385006,-68.5625,36.1678,-0.829448,0.0923754,-0.0674295,-0.696246,0.708633
1681748805625883341,-68.5813,35.9069,-0.84093,0.0985147,-0.0668648,-0.69983,0.704317
1681748805859381199,-68.5882,35.6589,-0.859107,0.105903,-0.0773001,-0.697175,0.704809
1681748806092878819,-68.6458,35.4055,-0.854173,0.114959,-0.0943322,-0.688611,0.709719
1681748806326377630,-68.6806,35.1849,-0.866679,0.118918,-0.0969732,-0.691747,0.705649
1681748806559890032,-68.7337,34.959,-0.883139,0.12862,-0.0993249,-0.682603,0.712491
1681748806793403387,-68.7785,34.7426,-0.886119,0.142153,-0.102385,-0.684682,0.707474
1681748807026916742,-68.8169,34.5081,-0.911583,0.157691,-0.10884,-0.684667,0.70322
1681748807260431051,-68.8395,34.2731,-0.937463,0.16311,-0.131144,-0.687366,0.695503
1681748807493938208,-68.8644,34.0415,-0.946038,-0.160823,0.142564,0.694259,-0.686888
1681748807727443695,-68.9011,33.836,-0.957756,0.167886,-0.151584,-0.680042,0.697409
1681748807960949421,-68.9521,33.611,-0.979703,0.180862,-0.156317,-0.669789,0.703019
1681748808194455385,-69.0005,33.3748,-0.99865,0.18613,-0.151665,-0.68505,0.687793
1681748808427952290,-69.0405,33.123,-1.0278,-0.1844,0.149298,0.695797,-0.677918
1681748808661440849,-69.0668,32.8718,-1.04997,-0.188484,0.163102,0.687875,-0.681689
1681748808894928455,-69.1093,32.6507,-1.04896,-0.191551,0.187456,0.68734,-0.675079
1681748809128415346,-69.1692,32.4162,-1.07019,0.196154,-0.203725,-0.678043,0.678438
1681748809361904383,-69.2325,32.1793,-1.09232,0.20297,-0.20047,-0.663776,0.691387
1681748809595402241,-69.3014,31.9661,-1.10408,0.206526,-0.203035,-0.669968,0.683568
1681748809828900099,-69.3648,31.7564,-1.1196,0.222403,-0.202771,-0.662496,0.685944
1681748810062397957,-69.427,31.5398,-1.14036,0.217802,-0.219895,-0.666471,0.678252
1681748810295894861,-69.5014,31.3352,-1.14023,0.218959,-0.226473,-0.662838,0.679274
1681748810529414177,-69.5989,31.1335,-1.15987,0.209571,-0.220295,-0.668469,0.678748
1681748810762934208,-69.7285,30.9384,-1.15662,0.210664,-0.218616,-0.663367,0.683938
